{
"apiVersion": "V2",
"assemblies": [
{
  "files": [
    {
      "filePath": "data_summary.tsv",
      "fileType": "DATA_TABLE"
    },
    {
      "filePath": "assembly_data_report.jsonl",
      "fileType": "DATA_REPORT"
    }
  ]
},{
  "accession": "GCA_000848685.1",
  "files": [
    {
      "filePath": "GCA_000848685.1/GCA_000848685.1_ViralProj14739_genomic.fna",
      "fileType": "GENOMIC_NUCLEOTIDE_FASTA"
    }
  ]
},{
  "accession": "GCA_000853505.1",
  "files": [
    {
      "filePath": "GCA_000853505.1/GCA_000853505.1_ViralProj14913_genomic.fna",
      "fileType": "GENOMIC_NUCLEOTIDE_FASTA"
    },
    {
      "filePath": "GCA_000853505.1/protein.faa",
      "fileType": "PROTEIN_FASTA"
    },
    {
      "filePath": "GCA_000853505.1/cds_from_genomic.fna",
      "fileType": "CDS_NUCLEOTIDE_FASTA"
    }
  ]
},{
  "accession": "GCA_000853865.1",
  "files": [
    {
      "filePath": "GCA_000853865.1/GCA_000853865.1_ViralProj14960_genomic.fna",
      "fileType": "GENOMIC_NUCLEOTIDE_FASTA"
    }
  ]
},{
  "accession": "GCA_000856025.1",
  "files": [
    {
      "filePath": "GCA_000856025.1/GCA_000856025.1_ViralProj15097_genomic.fna",
      "fileType": "GENOMIC_NUCLEOTIDE_FASTA"
    },
    {
      "filePath": "GCA_000856025.1/protein.faa",
      "fileType": "PROTEIN_FASTA"
    },
    {
      "filePath": "GCA_000856025.1/cds_from_genomic.fna",
      "fileType": "CDS_NUCLEOTIDE_FASTA"
    }
  ]
},{
  "accession": "GCA_000870985.1",
  "files": [
    {
      "filePath": "GCA_000870985.1/GCA_000870985.1_ViralProj20135_genomic.fna",
      "fileType": "GENOMIC_NUCLEOTIDE_FASTA"
    }
  ]
},{
  "accession": "GCA_000875645.1",
  "files": [
    {
      "filePath": "GCA_000875645.1/GCA_000875645.1_ViralProj27911_genomic.fna",
      "fileType": "GENOMIC_NUCLEOTIDE_FASTA"
    },
    {
      "filePath": "GCA_000875645.1/protein.faa",
      "fileType": "PROTEIN_FASTA"
    },
    {
      "filePath": "GCA_000875645.1/cds_from_genomic.fna",
      "fileType": "CDS_NUCLEOTIDE_FASTA"
    }
  ]
},{
  "accession": "GCA_000879255.1",
  "files": [
    {
      "filePath": "GCA_000879255.1/GCA_000879255.1_ViralProj29247_genomic.fna",
      "fileType": "GENOMIC_NUCLEOTIDE_FASTA"
    },
    {
      "filePath": "GCA_000879255.1/protein.faa",
      "fileType": "PROTEIN_FASTA"
    },
    {
      "filePath": "GCA_000879255.1/cds_from_genomic.fna",
      "fileType": "CDS_NUCLEOTIDE_FASTA"
    }
  ]
},{
  "accession": "GCA_000879875.1",
  "files": [
    {
      "filePath": "GCA_000879875.1/GCA_000879875.1_ViralProj29245_genomic.fna",
      "fileType": "GENOMIC_NUCLEOTIDE_FASTA"
    },
    {
      "filePath": "GCA_000879875.1/protein.faa",
      "fileType": "PROTEIN_FASTA"
    },
    {
      "filePath": "GCA_000879875.1/cds_from_genomic.fna",
      "fileType": "CDS_NUCLEOTIDE_FASTA"
    }
  ]
},{
  "accession": "GCA_000899495.1",
  "files": [
    {
      "filePath": "GCA_000899495.1/GCA_000899495.1_ViralProj177902_genomic.fna",
      "fileType": "GENOMIC_NUCLEOTIDE_FASTA"
    }
  ]
},{
  "accession": "GCA_000913415.1",
  "files": [
    {
      "filePath": "GCA_000913415.1/GCA_000913415.1_ViralProj215863_genomic.fna",
      "fileType": "GENOMIC_NUCLEOTIDE_FASTA"
    },
    {
      "filePath": "GCA_000913415.1/protein.faa",
      "fileType": "PROTEIN_FASTA"
    },
    {
      "filePath": "GCA_000913415.1/cds_from_genomic.fna",
      "fileType": "CDS_NUCLEOTIDE_FASTA"
    }
  ]
},{
  "accession": "GCA_000919475.1",
  "files": [
    {
      "filePath": "GCA_000919475.1/GCA_000919475.1_ViralProj241029_genomic.fna",
      "fileType": "GENOMIC_NUCLEOTIDE_FASTA"
    }
  ]
},{
  "accession": "GCA_001500975.1",
  "files": [
    {
      "filePath": "GCA_001500975.1/GCA_001500975.1_ViralProj306529_genomic.fna",
      "fileType": "GENOMIC_NUCLEOTIDE_FASTA"
    },
    {
      "filePath": "GCA_001500975.1/protein.faa",
      "fileType": "PROTEIN_FASTA"
    },
    {
      "filePath": "GCA_001500975.1/cds_from_genomic.fna",
      "fileType": "CDS_NUCLEOTIDE_FASTA"
    }
  ]
},{
  "accession": "GCA_001501415.1",
  "files": [
    {
      "filePath": "GCA_001501415.1/GCA_001501415.1_ViralProj307783_genomic.fna",
      "fileType": "GENOMIC_NUCLEOTIDE_FASTA"
    }
  ]
},{
  "accession": "GCA_001501755.1",
  "files": [
    {
      "filePath": "GCA_001501755.1/GCA_001501755.1_ViralProj307855_genomic.fna",
      "fileType": "GENOMIC_NUCLEOTIDE_FASTA"
    }
  ]
},{
  "accession": "GCA_001503155.1",
  "files": [
    {
      "filePath": "GCA_001503155.1/GCA_001503155.1_ViralProj307859_genomic.fna",
      "fileType": "GENOMIC_NUCLEOTIDE_FASTA"
    }
  ]
},{
  "accession": "GCA_001504755.1",
  "files": [
    {
      "filePath": "GCA_001504755.1/GCA_001504755.1_ViralProj307856_genomic.fna",
      "fileType": "GENOMIC_NUCLEOTIDE_FASTA"
    }
  ]
},{
  "accession": "GCA_001505415.1",
  "files": [
    {
      "filePath": "GCA_001505415.1/GCA_001505415.1_ViralProj307857_genomic.fna",
      "fileType": "GENOMIC_NUCLEOTIDE_FASTA"
    }
  ]
},{
  "accession": "GCA_001661775.1",
  "files": [
    {
      "filePath": "GCA_001661775.1/GCA_001661775.1_ViralProj325258_genomic.fna",
      "fileType": "GENOMIC_NUCLEOTIDE_FASTA"
    },
    {
      "filePath": "GCA_001661775.1/protein.faa",
      "fileType": "PROTEIN_FASTA"
    },
    {
      "filePath": "GCA_001661775.1/cds_from_genomic.fna",
      "fileType": "CDS_NUCLEOTIDE_FASTA"
    }
  ]
},{
  "accession": "GCA_001904885.1",
  "files": [
    {
      "filePath": "GCA_001904885.1/GCA_001904885.1_ViralProj357487_genomic.fna",
      "fileType": "GENOMIC_NUCLEOTIDE_FASTA"
    },
    {
      "filePath": "GCA_001904885.1/protein.faa",
      "fileType": "PROTEIN_FASTA"
    },
    {
      "filePath": "GCA_001904885.1/cds_from_genomic.fna",
      "fileType": "CDS_NUCLEOTIDE_FASTA"
    }
  ]
},{
  "accession": "GCA_001962315.1",
  "files": [
    {
      "filePath": "GCA_001962315.1/GCA_001962315.1_ViralProj361952_genomic.fna",
      "fileType": "GENOMIC_NUCLEOTIDE_FASTA"
    }
  ]
},{
  "accession": "GCA_002194405.1",
  "files": [
    {
      "filePath": "GCA_002194405.1/GCA_002194405.1_ViralProj390412_genomic.fna",
      "fileType": "GENOMIC_NUCLEOTIDE_FASTA"
    }
  ]
},{
  "accession": "GCA_002219865.1",
  "files": [
    {
      "filePath": "GCA_002219865.1/GCA_002219865.1_ViralProj394320_genomic.fna",
      "fileType": "GENOMIC_NUCLEOTIDE_FASTA"
    }
  ]
},{
  "accession": "GCA_002985995.1",
  "files": [
    {
      "filePath": "GCA_002985995.1/GCA_002985995.1_ASM298599v1_genomic.fna",
      "fileType": "GENOMIC_NUCLEOTIDE_FASTA"
    },
    {
      "filePath": "GCA_002985995.1/protein.faa",
      "fileType": "PROTEIN_FASTA"
    },
    {
      "filePath": "GCA_002985995.1/cds_from_genomic.fna",
      "fileType": "CDS_NUCLEOTIDE_FASTA"
    }
  ]
},{
  "accession": "GCA_003971885.1",
  "files": [
    {
      "filePath": "GCA_003971885.1/GCA_003971885.1_ASM397188v1_genomic.fna",
      "fileType": "GENOMIC_NUCLEOTIDE_FASTA"
    }
  ]
},{
  "accession": "GCA_003972065.1",
  "files": [
    {
      "filePath": "GCA_003972065.1/GCA_003972065.1_ASM397206v1_genomic.fna",
      "fileType": "GENOMIC_NUCLEOTIDE_FASTA"
    },
    {
      "filePath": "GCA_003972065.1/protein.faa",
      "fileType": "PROTEIN_FASTA"
    },
    {
      "filePath": "GCA_003972065.1/cds_from_genomic.fna",
      "fileType": "CDS_NUCLEOTIDE_FASTA"
    }
  ]
},{
  "accession": "GCA_012271635.1",
  "files": [
    {
      "filePath": "GCA_012271635.1/GCA_012271635.1_ASM1227163v1_genomic.fna",
      "fileType": "GENOMIC_NUCLEOTIDE_FASTA"
    }
  ]
},{
  "accession": "GCA_012271735.1",
  "files": [
    {
      "filePath": "GCA_012271735.1/GCA_012271735.1_ASM1227173v1_genomic.fna",
      "fileType": "GENOMIC_NUCLEOTIDE_FASTA"
    },
    {
      "filePath": "GCA_012271735.1/protein.faa",
      "fileType": "PROTEIN_FASTA"
    },
    {
      "filePath": "GCA_012271735.1/cds_from_genomic.fna",
      "fileType": "CDS_NUCLEOTIDE_FASTA"
    }
  ]
},{
  "accession": "GCA_023122875.1",
  "files": [
    {
      "filePath": "GCA_023122875.1/GCA_023122875.1_ASM2312287v1_genomic.fna",
      "fileType": "GENOMIC_NUCLEOTIDE_FASTA"
    }
  ]
},{
  "accession": "GCA_023124385.1",
  "files": [
    {
      "filePath": "GCA_023124385.1/GCA_023124385.1_ASM2312438v1_genomic.fna",
      "fileType": "GENOMIC_NUCLEOTIDE_FASTA"
    }
  ]
},{
  "accession": "GCA_023124395.1",
  "files": [
    {
      "filePath": "GCA_023124395.1/GCA_023124395.1_ASM2312439v1_genomic.fna",
      "fileType": "GENOMIC_NUCLEOTIDE_FASTA"
    }
  ]
},{
  "accession": "GCA_023124405.1",
  "files": [
    {
      "filePath": "GCA_023124405.1/GCA_023124405.1_ASM2312440v1_genomic.fna",
      "fileType": "GENOMIC_NUCLEOTIDE_FASTA"
    }
  ]
},{
  "accession": "GCA_023124615.1",
  "files": [
    {
      "filePath": "GCA_023124615.1/GCA_023124615.1_ASM2312461v1_genomic.fna",
      "fileType": "GENOMIC_NUCLEOTIDE_FASTA"
    },
    {
      "filePath": "GCA_023124615.1/protein.faa",
      "fileType": "PROTEIN_FASTA"
    },
    {
      "filePath": "GCA_023124615.1/cds_from_genomic.fna",
      "fileType": "CDS_NUCLEOTIDE_FASTA"
    }
  ]
},{
  "accession": "GCA_023141795.1",
  "files": [
    {
      "filePath": "GCA_023141795.1/GCA_023141795.1_ASM2314179v1_genomic.fna",
      "fileType": "GENOMIC_NUCLEOTIDE_FASTA"
    },
    {
      "filePath": "GCA_023141795.1/protein.faa",
      "fileType": "PROTEIN_FASTA"
    },
    {
      "filePath": "GCA_023141795.1/cds_from_genomic.fna",
      "fileType": "CDS_NUCLEOTIDE_FASTA"
    }
  ]
},{
  "accession": "GCA_023148835.1",
  "files": [
    {
      "filePath": "GCA_023148835.1/GCA_023148835.1_ASM2314883v1_genomic.fna",
      "fileType": "GENOMIC_NUCLEOTIDE_FASTA"
    }
  ]
},{
  "accession": "GCA_900078225.1",
  "files": [
    {
      "filePath": "GCA_900078225.1/GCA_900078225.1_SeCoV_GER_L00930_2012_genomic.fna",
      "fileType": "GENOMIC_NUCLEOTIDE_FASTA"
    }
  ]
},{
  "accession": "GCA_900188515.1",
  "files": [
    {
      "filePath": "GCA_900188515.1/GCA_900188515.1_PEDV_GER_L00901-V215_1978_genomic.fna",
      "fileType": "GENOMIC_NUCLEOTIDE_FASTA"
    },
    {
      "filePath": "GCA_900188515.1/protein.faa",
      "fileType": "PROTEIN_FASTA"
    },
    {
      "filePath": "GCA_900188515.1/cds_from_genomic.fna",
      "fileType": "CDS_NUCLEOTIDE_FASTA"
    }
  ]
},{
  "accession": "GCA_900197095.1",
  "files": [
    {
      "filePath": "GCA_900197095.1/GCA_900197095.1_PEDV_GER_L00928-K20_14-03_2014_genomic.fna",
      "fileType": "GENOMIC_NUCLEOTIDE_FASTA"
    },
    {
      "filePath": "GCA_900197095.1/protein.faa",
      "fileType": "PROTEIN_FASTA"
    },
    {
      "filePath": "GCA_900197095.1/cds_from_genomic.fna",
      "fileType": "CDS_NUCLEOTIDE_FASTA"
    }
  ]
},{
  "accession": "GCA_900197105.1",
  "files": [
    {
      "filePath": "GCA_900197105.1/GCA_900197105.1_PEDV_GER_L00927-K20_14-02_2014_genomic.fna",
      "fileType": "GENOMIC_NUCLEOTIDE_FASTA"
    },
    {
      "filePath": "GCA_900197105.1/protein.faa",
      "fileType": "PROTEIN_FASTA"
    },
    {
      "filePath": "GCA_900197105.1/cds_from_genomic.fna",
      "fileType": "CDS_NUCLEOTIDE_FASTA"
    }
  ]
},{
  "accession": "GCA_900197115.1",
  "files": [
    {
      "filePath": "GCA_900197115.1/GCA_900197115.1_PEDV_GER_L00857-K14_14-04_2014_genomic.fna",
      "fileType": "GENOMIC_NUCLEOTIDE_FASTA"
    },
    {
      "filePath": "GCA_900197115.1/protein.faa",
      "fileType": "PROTEIN_FASTA"
    },
    {
      "filePath": "GCA_900197115.1/cds_from_genomic.fna",
      "fileType": "CDS_NUCLEOTIDE_FASTA"
    }
  ]
},{
  "accession": "GCA_900197125.1",
  "files": [
    {
      "filePath": "GCA_900197125.1/GCA_900197125.1_PEDV_GER_L00932-K22_14-04_2014_genomic.fna",
      "fileType": "GENOMIC_NUCLEOTIDE_FASTA"
    },
    {
      "filePath": "GCA_900197125.1/protein.faa",
      "fileType": "PROTEIN_FASTA"
    },
    {
      "filePath": "GCA_900197125.1/cds_from_genomic.fna",
      "fileType": "CDS_NUCLEOTIDE_FASTA"
    }
  ]
},{
  "accession": "GCA_900197135.1",
  "files": [
    {
      "filePath": "GCA_900197135.1/GCA_900197135.1_PEDV_GER_L00931-K22_14-03_2014_genomic.fna",
      "fileType": "GENOMIC_NUCLEOTIDE_FASTA"
    },
    {
      "filePath": "GCA_900197135.1/protein.faa",
      "fileType": "PROTEIN_FASTA"
    },
    {
      "filePath": "GCA_900197135.1/cds_from_genomic.fna",
      "fileType": "CDS_NUCLEOTIDE_FASTA"
    }
  ]
},{
  "accession": "GCA_900197145.1",
  "files": [
    {
      "filePath": "GCA_900197145.1/GCA_900197145.1_PEDV_GER_L01014-K01_15-04_2015_genomic.fna",
      "fileType": "GENOMIC_NUCLEOTIDE_FASTA"
    },
    {
      "filePath": "GCA_900197145.1/protein.faa",
      "fileType": "PROTEIN_FASTA"
    },
    {
      "filePath": "GCA_900197145.1/cds_from_genomic.fna",
      "fileType": "CDS_NUCLEOTIDE_FASTA"
    }
  ]
},{
  "accession": "GCA_900197155.1",
  "files": [
    {
      "filePath": "GCA_900197155.1/GCA_900197155.1_PEDV_GER_L00999-K06_15-07_2015_genomic.fna",
      "fileType": "GENOMIC_NUCLEOTIDE_FASTA"
    },
    {
      "filePath": "GCA_900197155.1/protein.faa",
      "fileType": "PROTEIN_FASTA"
    },
    {
      "filePath": "GCA_900197155.1/cds_from_genomic.fna",
      "fileType": "CDS_NUCLEOTIDE_FASTA"
    }
  ]
},{
  "accession": "GCA_900197165.1",
  "files": [
    {
      "filePath": "GCA_900197165.1/GCA_900197165.1_PEDV_GER_L00907-_K16_14-02_2014_genomic.fna",
      "fileType": "GENOMIC_NUCLEOTIDE_FASTA"
    },
    {
      "filePath": "GCA_900197165.1/protein.faa",
      "fileType": "PROTEIN_FASTA"
    },
    {
      "filePath": "GCA_900197165.1/cds_from_genomic.fna",
      "fileType": "CDS_NUCLEOTIDE_FASTA"
    }
  ]
},{
  "accession": "GCA_900197185.1",
  "files": [
    {
      "filePath": "GCA_900197185.1/GCA_900197185.1_PEDV_AUSTRIA_L01064-M10_15-03_2015_genomic.fna",
      "fileType": "GENOMIC_NUCLEOTIDE_FASTA"
    },
    {
      "filePath": "GCA_900197185.1/protein.faa",
      "fileType": "PROTEIN_FASTA"
    },
    {
      "filePath": "GCA_900197185.1/cds_from_genomic.fna",
      "fileType": "CDS_NUCLEOTIDE_FASTA"
    }
  ]
},{
  "accession": "GCA_900197205.1",
  "files": [
    {
      "filePath": "GCA_900197205.1/GCA_900197205.1_PEDV_GER_L00906-K16_14-01_2014_genomic.fna",
      "fileType": "GENOMIC_NUCLEOTIDE_FASTA"
    },
    {
      "filePath": "GCA_900197205.1/protein.faa",
      "fileType": "PROTEIN_FASTA"
    },
    {
      "filePath": "GCA_900197205.1/cds_from_genomic.fna",
      "fileType": "CDS_NUCLEOTIDE_FASTA"
    }
  ]
},{
  "accession": "GCA_900197225.1",
  "files": [
    {
      "filePath": "GCA_900197225.1/GCA_900197225.1_PEDV_GER_L00933-K22_14-05_2014_genomic.fna",
      "fileType": "GENOMIC_NUCLEOTIDE_FASTA"
    },
    {
      "filePath": "GCA_900197225.1/protein.faa",
      "fileType": "PROTEIN_FASTA"
    },
    {
      "filePath": "GCA_900197225.1/cds_from_genomic.fna",
      "fileType": "CDS_NUCLEOTIDE_FASTA"
    }
  ]
},{
  "accession": "GCA_900197235.1",
  "files": [
    {
      "filePath": "GCA_900197235.1/GCA_900197235.1_PEDV_GER_L01018-K01_15-08_2015_genomic.fna",
      "fileType": "GENOMIC_NUCLEOTIDE_FASTA"
    },
    {
      "filePath": "GCA_900197235.1/protein.faa",
      "fileType": "PROTEIN_FASTA"
    },
    {
      "filePath": "GCA_900197235.1/cds_from_genomic.fna",
      "fileType": "CDS_NUCLEOTIDE_FASTA"
    }
  ]
},{
  "accession": "GCA_900197245.1",
  "files": [
    {
      "filePath": "GCA_900197245.1/GCA_900197245.1_PEDV_GER_L01020-K01_15-10_2015_genomic.fna",
      "fileType": "GENOMIC_NUCLEOTIDE_FASTA"
    },
    {
      "filePath": "GCA_900197245.1/protein.faa",
      "fileType": "PROTEIN_FASTA"
    },
    {
      "filePath": "GCA_900197245.1/cds_from_genomic.fna",
      "fileType": "CDS_NUCLEOTIDE_FASTA"
    }
  ]
},{
  "accession": "GCA_900197275.1",
  "files": [
    {
      "filePath": "GCA_900197275.1/GCA_900197275.1_PEDV_ROMANIA_L01329-K25_15-01_2015_genomic.fna",
      "fileType": "GENOMIC_NUCLEOTIDE_FASTA"
    },
    {
      "filePath": "GCA_900197275.1/protein.faa",
      "fileType": "PROTEIN_FASTA"
    },
    {
      "filePath": "GCA_900197275.1/cds_from_genomic.fna",
      "fileType": "CDS_NUCLEOTIDE_FASTA"
    }
  ]
},{
  "accession": "GCA_900197285.1",
  "files": [
    {
      "filePath": "GCA_900197285.1/GCA_900197285.1_PEDV_GER_L00918-K17_14-01_2014_genomic.fna",
      "fileType": "GENOMIC_NUCLEOTIDE_FASTA"
    },
    {
      "filePath": "GCA_900197285.1/protein.faa",
      "fileType": "PROTEIN_FASTA"
    },
    {
      "filePath": "GCA_900197285.1/cds_from_genomic.fna",
      "fileType": "CDS_NUCLEOTIDE_FASTA"
    }
  ]
},{
  "accession": "GCA_900197295.1",
  "files": [
    {
      "filePath": "GCA_900197295.1/GCA_900197295.1_PEDV_GER_L01420-K06_15-04_2015_genomic.fna",
      "fileType": "GENOMIC_NUCLEOTIDE_FASTA"
    },
    {
      "filePath": "GCA_900197295.1/protein.faa",
      "fileType": "PROTEIN_FASTA"
    },
    {
      "filePath": "GCA_900197295.1/cds_from_genomic.fna",
      "fileType": "CDS_NUCLEOTIDE_FASTA"
    }
  ]
},{
  "accession": "GCA_900197305.1",
  "files": [
    {
      "filePath": "GCA_900197305.1/GCA_900197305.1_PEDV_GER_L00908-K16_14-03_2014_genomic.fna",
      "fileType": "GENOMIC_NUCLEOTIDE_FASTA"
    },
    {
      "filePath": "GCA_900197305.1/protein.faa",
      "fileType": "PROTEIN_FASTA"
    },
    {
      "filePath": "GCA_900197305.1/cds_from_genomic.fna",
      "fileType": "CDS_NUCLEOTIDE_FASTA"
    }
  ]
},{
  "accession": "GCA_900197315.1",
  "files": [
    {
      "filePath": "GCA_900197315.1/GCA_900197315.1_PEDV_GER_L01012_K01_15-02_2015_genomic.fna",
      "fileType": "GENOMIC_NUCLEOTIDE_FASTA"
    },
    {
      "filePath": "GCA_900197315.1/protein.faa",
      "fileType": "PROTEIN_FASTA"
    },
    {
      "filePath": "GCA_900197315.1/cds_from_genomic.fna",
      "fileType": "CDS_NUCLEOTIDE_FASTA"
    }
  ]
},{
  "accession": "GCA_900197325.1",
  "files": [
    {
      "filePath": "GCA_900197325.1/GCA_900197325.1_PEDV_GER_L01019-K01_15-09_2015_genomic.fna",
      "fileType": "GENOMIC_NUCLEOTIDE_FASTA"
    },
    {
      "filePath": "GCA_900197325.1/protein.faa",
      "fileType": "PROTEIN_FASTA"
    },
    {
      "filePath": "GCA_900197325.1/cds_from_genomic.fna",
      "fileType": "CDS_NUCLEOTIDE_FASTA"
    }
  ]
},{
  "accession": "GCA_900197335.1",
  "files": [
    {
      "filePath": "GCA_900197335.1/GCA_900197335.1_PEDV_GER_L00799-_K11_14-01_2014_genomic.fna",
      "fileType": "GENOMIC_NUCLEOTIDE_FASTA"
    },
    {
      "filePath": "GCA_900197335.1/protein.faa",
      "fileType": "PROTEIN_FASTA"
    },
    {
      "filePath": "GCA_900197335.1/cds_from_genomic.fna",
      "fileType": "CDS_NUCLEOTIDE_FASTA"
    }
  ]
},{
  "accession": "GCA_900197345.1",
  "files": [
    {
      "filePath": "GCA_900197345.1/GCA_900197345.1_PEDV_GER_L00926-K20_4-01_2014_genomic.fna",
      "fileType": "GENOMIC_NUCLEOTIDE_FASTA"
    },
    {
      "filePath": "GCA_900197345.1/protein.faa",
      "fileType": "PROTEIN_FASTA"
    },
    {
      "filePath": "GCA_900197345.1/cds_from_genomic.fna",
      "fileType": "CDS_NUCLEOTIDE_FASTA"
    }
  ]
},{
  "accession": "GCA_900197355.1",
  "files": [
    {
      "filePath": "GCA_900197355.1/GCA_900197355.1_PEDV_GER_L00855-K14_14-02_2014_genomic.fna",
      "fileType": "GENOMIC_NUCLEOTIDE_FASTA"
    },
    {
      "filePath": "GCA_900197355.1/protein.faa",
      "fileType": "PROTEIN_FASTA"
    },
    {
      "filePath": "GCA_900197355.1/cds_from_genomic.fna",
      "fileType": "CDS_NUCLEOTIDE_FASTA"
    }
  ]
},{
  "accession": "GCA_900197365.1",
  "files": [
    {
      "filePath": "GCA_900197365.1/GCA_900197365.1_PEDV_GER_L00919-_K17_14-02_2014_genomic.fna",
      "fileType": "GENOMIC_NUCLEOTIDE_FASTA"
    },
    {
      "filePath": "GCA_900197365.1/protein.faa",
      "fileType": "PROTEIN_FASTA"
    },
    {
      "filePath": "GCA_900197365.1/cds_from_genomic.fna",
      "fileType": "CDS_NUCLEOTIDE_FASTA"
    }
  ]
},{
  "accession": "GCA_900197375.1",
  "files": [
    {
      "filePath": "GCA_900197375.1/GCA_900197375.1_PEDV_AUSTRIA_L01062-M10_15-01_2015_genomic.fna",
      "fileType": "GENOMIC_NUCLEOTIDE_FASTA"
    },
    {
      "filePath": "GCA_900197375.1/protein.faa",
      "fileType": "PROTEIN_FASTA"
    },
    {
      "filePath": "GCA_900197375.1/cds_from_genomic.fna",
      "fileType": "CDS_NUCLEOTIDE_FASTA"
    }
  ]
},{
  "accession": "GCA_900197385.1",
  "files": [
    {
      "filePath": "GCA_900197385.1/GCA_900197385.1_PEDV_GER_L01017-K01_15-07_2015_genomic.fna",
      "fileType": "GENOMIC_NUCLEOTIDE_FASTA"
    },
    {
      "filePath": "GCA_900197385.1/protein.faa",
      "fileType": "PROTEIN_FASTA"
    },
    {
      "filePath": "GCA_900197385.1/cds_from_genomic.fna",
      "fileType": "CDS_NUCLEOTIDE_FASTA"
    }
  ]
},{
  "accession": "GCA_900197395.1",
  "files": [
    {
      "filePath": "GCA_900197395.1/GCA_900197395.1_PEDV_ROMANIA_L01330-K25_15-02_2015_genomic.fna",
      "fileType": "GENOMIC_NUCLEOTIDE_FASTA"
    },
    {
      "filePath": "GCA_900197395.1/protein.faa",
      "fileType": "PROTEIN_FASTA"
    },
    {
      "filePath": "GCA_900197395.1/cds_from_genomic.fna",
      "fileType": "CDS_NUCLEOTIDE_FASTA"
    }
  ]
},{
  "accession": "GCA_900197405.1",
  "files": [
    {
      "filePath": "GCA_900197405.1/GCA_900197405.1_PEDV_GER_L00798-_K11_14-02_2014_genomic.fna",
      "fileType": "GENOMIC_NUCLEOTIDE_FASTA"
    },
    {
      "filePath": "GCA_900197405.1/protein.faa",
      "fileType": "PROTEIN_FASTA"
    },
    {
      "filePath": "GCA_900197405.1/cds_from_genomic.fna",
      "fileType": "CDS_NUCLEOTIDE_FASTA"
    }
  ]
},{
  "accession": "GCA_900197415.1",
  "files": [
    {
      "filePath": "GCA_900197415.1/GCA_900197415.1_PEDV_GER_L01059-K07_15-01_2015_genomic.fna",
      "fileType": "GENOMIC_NUCLEOTIDE_FASTA"
    },
    {
      "filePath": "GCA_900197415.1/protein.faa",
      "fileType": "PROTEIN_FASTA"
    },
    {
      "filePath": "GCA_900197415.1/cds_from_genomic.fna",
      "fileType": "CDS_NUCLEOTIDE_FASTA"
    }
  ]
},{
  "accession": "GCA_900197425.1",
  "files": [
    {
      "filePath": "GCA_900197425.1/GCA_900197425.1_PEDV_GER_L01060-K07_15-02_2015_genomic.fna",
      "fileType": "GENOMIC_NUCLEOTIDE_FASTA"
    },
    {
      "filePath": "GCA_900197425.1/protein.faa",
      "fileType": "PROTEIN_FASTA"
    },
    {
      "filePath": "GCA_900197425.1/cds_from_genomic.fna",
      "fileType": "CDS_NUCLEOTIDE_FASTA"
    }
  ]
},{
  "accession": "GCA_900197455.1",
  "files": [
    {
      "filePath": "GCA_900197455.1/GCA_900197455.1_PEDV_GER_L01061-K07_15-03_2015_genomic.fna",
      "fileType": "GENOMIC_NUCLEOTIDE_FASTA"
    },
    {
      "filePath": "GCA_900197455.1/protein.faa",
      "fileType": "PROTEIN_FASTA"
    },
    {
      "filePath": "GCA_900197455.1/cds_from_genomic.fna",
      "fileType": "CDS_NUCLEOTIDE_FASTA"
    }
  ]
},{
  "accession": "GCA_900197475.1",
  "files": [
    {
      "filePath": "GCA_900197475.1/GCA_900197475.1_PEDV_GER_L00998-K06_15-03_2015_genomic.fna",
      "fileType": "GENOMIC_NUCLEOTIDE_FASTA"
    },
    {
      "filePath": "GCA_900197475.1/protein.faa",
      "fileType": "PROTEIN_FASTA"
    },
    {
      "filePath": "GCA_900197475.1/cds_from_genomic.fna",
      "fileType": "CDS_NUCLEOTIDE_FASTA"
    }
  ]
},{
  "accession": "GCA_900197485.1",
  "files": [
    {
      "filePath": "GCA_900197485.1/GCA_900197485.1_PEDV_GER_L01011-K01_15-01_2015_genomic.fna",
      "fileType": "GENOMIC_NUCLEOTIDE_FASTA"
    },
    {
      "filePath": "GCA_900197485.1/protein.faa",
      "fileType": "PROTEIN_FASTA"
    },
    {
      "filePath": "GCA_900197485.1/cds_from_genomic.fna",
      "fileType": "CDS_NUCLEOTIDE_FASTA"
    }
  ]
},{
  "accession": "GCA_900197515.1",
  "files": [
    {
      "filePath": "GCA_900197515.1/GCA_900197515.1_PEDV_GER_L01013-K01_15-03_2015_genomic.fna",
      "fileType": "GENOMIC_NUCLEOTIDE_FASTA"
    },
    {
      "filePath": "GCA_900197515.1/protein.faa",
      "fileType": "PROTEIN_FASTA"
    },
    {
      "filePath": "GCA_900197515.1/cds_from_genomic.fna",
      "fileType": "CDS_NUCLEOTIDE_FASTA"
    }
  ]
},{
  "accession": "GCA_900197535.1",
  "files": [
    {
      "filePath": "GCA_900197535.1/GCA_900197535.1_PEDV_AUSTRIA_L01065-M10_15-04_2015_genomic.fna",
      "fileType": "GENOMIC_NUCLEOTIDE_FASTA"
    },
    {
      "filePath": "GCA_900197535.1/protein.faa",
      "fileType": "PROTEIN_FASTA"
    },
    {
      "filePath": "GCA_900197535.1/cds_from_genomic.fna",
      "fileType": "CDS_NUCLEOTIDE_FASTA"
    }
  ]
},{
  "accession": "GCA_900197545.1",
  "files": [
    {
      "filePath": "GCA_900197545.1/GCA_900197545.1_PEDV_GER_L01015-K01_15-05_2015_genomic.fna",
      "fileType": "GENOMIC_NUCLEOTIDE_FASTA"
    },
    {
      "filePath": "GCA_900197545.1/protein.faa",
      "fileType": "PROTEIN_FASTA"
    },
    {
      "filePath": "GCA_900197545.1/cds_from_genomic.fna",
      "fileType": "CDS_NUCLEOTIDE_FASTA"
    }
  ]
},{
  "accession": "GCA_900197555.1",
  "files": [
    {
      "filePath": "GCA_900197555.1/GCA_900197555.1_PEDV_AUSTRIA_L01063-M10_15-02_2015_genomic.fna",
      "fileType": "GENOMIC_NUCLEOTIDE_FASTA"
    },
    {
      "filePath": "GCA_900197555.1/protein.faa",
      "fileType": "PROTEIN_FASTA"
    },
    {
      "filePath": "GCA_900197555.1/cds_from_genomic.fna",
      "fileType": "CDS_NUCLEOTIDE_FASTA"
    }
  ]
},{
  "accession": "GCA_900197565.1",
  "files": [
    {
      "filePath": "GCA_900197565.1/GCA_900197565.1_PEDV_GER_L00862_2014_genomic.fna",
      "fileType": "GENOMIC_NUCLEOTIDE_FASTA"
    },
    {
      "filePath": "GCA_900197565.1/protein.faa",
      "fileType": "PROTEIN_FASTA"
    },
    {
      "filePath": "GCA_900197565.1/cds_from_genomic.fna",
      "fileType": "CDS_NUCLEOTIDE_FASTA"
    }
  ]
},{
  "accession": "GCA_900205315.1",
  "files": [
    {
      "filePath": "GCA_900205315.1/GCA_900205315.1_Br1_87_DTU_genomic.fna",
      "fileType": "GENOMIC_NUCLEOTIDE_FASTA"
    },
    {
      "filePath": "GCA_900205315.1/protein.faa",
      "fileType": "PROTEIN_FASTA"
    },
    {
      "filePath": "GCA_900205315.1/cds_from_genomic.fna",
      "fileType": "CDS_NUCLEOTIDE_FASTA"
    }
  ]
},{
  "accession": "GCA_900205325.1",
  "files": [
    {
      "filePath": "GCA_900205325.1/GCA_900205325.1_CV777_WBR_genomic.fna",
      "fileType": "GENOMIC_NUCLEOTIDE_FASTA"
    },
    {
      "filePath": "GCA_900205325.1/protein.faa",
      "fileType": "PROTEIN_FASTA"
    },
    {
      "filePath": "GCA_900205325.1/cds_from_genomic.fna",
      "fileType": "CDS_NUCLEOTIDE_FASTA"
    }
  ]
},{
  "accession": "GCA_900205335.1",
  "files": [
    {
      "filePath": "GCA_900205335.1/GCA_900205335.1_CV777_ANSES_genomic.fna",
      "fileType": "GENOMIC_NUCLEOTIDE_FASTA"
    },
    {
      "filePath": "GCA_900205335.1/protein.faa",
      "fileType": "PROTEIN_FASTA"
    },
    {
      "filePath": "GCA_900205335.1/cds_from_genomic.fna",
      "fileType": "CDS_NUCLEOTIDE_FASTA"
    }
  ]
},{
  "accession": "GCA_900205345.1",
  "files": [
    {
      "filePath": "GCA_900205345.1/GCA_900205345.1_CV777_APHA_genomic.fna",
      "fileType": "GENOMIC_NUCLEOTIDE_FASTA"
    },
    {
      "filePath": "GCA_900205345.1/protein.faa",
      "fileType": "PROTEIN_FASTA"
    },
    {
      "filePath": "GCA_900205345.1/cds_from_genomic.fna",
      "fileType": "CDS_NUCLEOTIDE_FASTA"
    }
  ]
},{
  "accession": "GCA_900205355.1",
  "files": [
    {
      "filePath": "GCA_900205355.1/GCA_900205355.1_CV777_IZSLER_genomic.fna",
      "fileType": "GENOMIC_NUCLEOTIDE_FASTA"
    },
    {
      "filePath": "GCA_900205355.1/protein.faa",
      "fileType": "PROTEIN_FASTA"
    },
    {
      "filePath": "GCA_900205355.1/cds_from_genomic.fna",
      "fileType": "CDS_NUCLEOTIDE_FASTA"
    }
  ]
},{
  "accession": "GCF_000848685.1",
  "files": [
    {
      "filePath": "GCF_000848685.1/GCF_000848685.1_ViralProj14739_genomic.fna",
      "fileType": "GENOMIC_NUCLEOTIDE_FASTA"
    },
    {
      "filePath": "GCF_000848685.1/protein.faa",
      "fileType": "PROTEIN_FASTA"
    },
    {
      "filePath": "GCF_000848685.1/cds_from_genomic.fna",
      "fileType": "CDS_NUCLEOTIDE_FASTA"
    }
  ]
},{
  "accession": "GCF_000853505.1",
  "files": [
    {
      "filePath": "GCF_000853505.1/GCF_000853505.1_ViralProj14913_genomic.fna",
      "fileType": "GENOMIC_NUCLEOTIDE_FASTA"
    },
    {
      "filePath": "GCF_000853505.1/protein.faa",
      "fileType": "PROTEIN_FASTA"
    },
    {
      "filePath": "GCF_000853505.1/cds_from_genomic.fna",
      "fileType": "CDS_NUCLEOTIDE_FASTA"
    }
  ]
},{
  "accession": "GCF_000853865.1",
  "files": [
    {
      "filePath": "GCF_000853865.1/GCF_000853865.1_ViralProj14960_genomic.fna",
      "fileType": "GENOMIC_NUCLEOTIDE_FASTA"
    },
    {
      "filePath": "GCF_000853865.1/protein.faa",
      "fileType": "PROTEIN_FASTA"
    },
    {
      "filePath": "GCF_000853865.1/cds_from_genomic.fna",
      "fileType": "CDS_NUCLEOTIDE_FASTA"
    }
  ]
},{
  "accession": "GCF_000856025.1",
  "files": [
    {
      "filePath": "GCF_000856025.1/GCF_000856025.1_ViralProj15097_genomic.fna",
      "fileType": "GENOMIC_NUCLEOTIDE_FASTA"
    },
    {
      "filePath": "GCF_000856025.1/protein.faa",
      "fileType": "PROTEIN_FASTA"
    },
    {
      "filePath": "GCF_000856025.1/cds_from_genomic.fna",
      "fileType": "CDS_NUCLEOTIDE_FASTA"
    }
  ]
},{
  "accession": "GCF_000870985.1",
  "files": [
    {
      "filePath": "GCF_000870985.1/GCF_000870985.1_ViralProj20135_genomic.fna",
      "fileType": "GENOMIC_NUCLEOTIDE_FASTA"
    },
    {
      "filePath": "GCF_000870985.1/protein.faa",
      "fileType": "PROTEIN_FASTA"
    },
    {
      "filePath": "GCF_000870985.1/cds_from_genomic.fna",
      "fileType": "CDS_NUCLEOTIDE_FASTA"
    }
  ]
},{
  "accession": "GCF_000875645.1",
  "files": [
    {
      "filePath": "GCF_000875645.1/GCF_000875645.1_ViralProj27911_genomic.fna",
      "fileType": "GENOMIC_NUCLEOTIDE_FASTA"
    },
    {
      "filePath": "GCF_000875645.1/protein.faa",
      "fileType": "PROTEIN_FASTA"
    },
    {
      "filePath": "GCF_000875645.1/cds_from_genomic.fna",
      "fileType": "CDS_NUCLEOTIDE_FASTA"
    }
  ]
},{
  "accession": "GCF_000879255.1",
  "files": [
    {
      "filePath": "GCF_000879255.1/GCF_000879255.1_ViralProj29247_genomic.fna",
      "fileType": "GENOMIC_NUCLEOTIDE_FASTA"
    },
    {
      "filePath": "GCF_000879255.1/protein.faa",
      "fileType": "PROTEIN_FASTA"
    },
    {
      "filePath": "GCF_000879255.1/cds_from_genomic.fna",
      "fileType": "CDS_NUCLEOTIDE_FASTA"
    }
  ]
},{
  "accession": "GCF_000879875.1",
  "files": [
    {
      "filePath": "GCF_000879875.1/GCF_000879875.1_ViralProj29245_genomic.fna",
      "fileType": "GENOMIC_NUCLEOTIDE_FASTA"
    },
    {
      "filePath": "GCF_000879875.1/protein.faa",
      "fileType": "PROTEIN_FASTA"
    },
    {
      "filePath": "GCF_000879875.1/cds_from_genomic.fna",
      "fileType": "CDS_NUCLEOTIDE_FASTA"
    }
  ]
},{
  "accession": "GCF_000899495.1",
  "files": [
    {
      "filePath": "GCF_000899495.1/GCF_000899495.1_ViralProj177902_genomic.fna",
      "fileType": "GENOMIC_NUCLEOTIDE_FASTA"
    },
    {
      "filePath": "GCF_000899495.1/protein.faa",
      "fileType": "PROTEIN_FASTA"
    },
    {
      "filePath": "GCF_000899495.1/cds_from_genomic.fna",
      "fileType": "CDS_NUCLEOTIDE_FASTA"
    }
  ]
},{
  "accession": "GCF_000913415.1",
  "files": [
    {
      "filePath": "GCF_000913415.1/GCF_000913415.1_ViralProj215863_genomic.fna",
      "fileType": "GENOMIC_NUCLEOTIDE_FASTA"
    },
    {
      "filePath": "GCF_000913415.1/protein.faa",
      "fileType": "PROTEIN_FASTA"
    },
    {
      "filePath": "GCF_000913415.1/cds_from_genomic.fna",
      "fileType": "CDS_NUCLEOTIDE_FASTA"
    }
  ]
},{
  "accession": "GCF_000919475.1",
  "files": [
    {
      "filePath": "GCF_000919475.1/GCF_000919475.1_ViralProj241029_genomic.fna",
      "fileType": "GENOMIC_NUCLEOTIDE_FASTA"
    },
    {
      "filePath": "GCF_000919475.1/protein.faa",
      "fileType": "PROTEIN_FASTA"
    },
    {
      "filePath": "GCF_000919475.1/cds_from_genomic.fna",
      "fileType": "CDS_NUCLEOTIDE_FASTA"
    }
  ]
},{
  "accession": "GCF_001500975.1",
  "files": [
    {
      "filePath": "GCF_001500975.1/GCF_001500975.1_ViralProj306529_genomic.fna",
      "fileType": "GENOMIC_NUCLEOTIDE_FASTA"
    },
    {
      "filePath": "GCF_001500975.1/protein.faa",
      "fileType": "PROTEIN_FASTA"
    },
    {
      "filePath": "GCF_001500975.1/cds_from_genomic.fna",
      "fileType": "CDS_NUCLEOTIDE_FASTA"
    }
  ]
},{
  "accession": "GCF_001501415.1",
  "files": [
    {
      "filePath": "GCF_001501415.1/GCF_001501415.1_ViralProj307783_genomic.fna",
      "fileType": "GENOMIC_NUCLEOTIDE_FASTA"
    },
    {
      "filePath": "GCF_001501415.1/protein.faa",
      "fileType": "PROTEIN_FASTA"
    },
    {
      "filePath": "GCF_001501415.1/cds_from_genomic.fna",
      "fileType": "CDS_NUCLEOTIDE_FASTA"
    }
  ]
},{
  "accession": "GCF_001501755.1",
  "files": [
    {
      "filePath": "GCF_001501755.1/GCF_001501755.1_ViralProj307855_genomic.fna",
      "fileType": "GENOMIC_NUCLEOTIDE_FASTA"
    },
    {
      "filePath": "GCF_001501755.1/protein.faa",
      "fileType": "PROTEIN_FASTA"
    },
    {
      "filePath": "GCF_001501755.1/cds_from_genomic.fna",
      "fileType": "CDS_NUCLEOTIDE_FASTA"
    }
  ]
},{
  "accession": "GCF_001503155.1",
  "files": [
    {
      "filePath": "GCF_001503155.1/GCF_001503155.1_ViralProj307859_genomic.fna",
      "fileType": "GENOMIC_NUCLEOTIDE_FASTA"
    },
    {
      "filePath": "GCF_001503155.1/protein.faa",
      "fileType": "PROTEIN_FASTA"
    },
    {
      "filePath": "GCF_001503155.1/cds_from_genomic.fna",
      "fileType": "CDS_NUCLEOTIDE_FASTA"
    }
  ]
},{
  "accession": "GCF_001504755.1",
  "files": [
    {
      "filePath": "GCF_001504755.1/GCF_001504755.1_ViralProj307856_genomic.fna",
      "fileType": "GENOMIC_NUCLEOTIDE_FASTA"
    },
    {
      "filePath": "GCF_001504755.1/protein.faa",
      "fileType": "PROTEIN_FASTA"
    },
    {
      "filePath": "GCF_001504755.1/cds_from_genomic.fna",
      "fileType": "CDS_NUCLEOTIDE_FASTA"
    }
  ]
},{
  "accession": "GCF_001505415.1",
  "files": [
    {
      "filePath": "GCF_001505415.1/GCF_001505415.1_ViralProj307857_genomic.fna",
      "fileType": "GENOMIC_NUCLEOTIDE_FASTA"
    },
    {
      "filePath": "GCF_001505415.1/protein.faa",
      "fileType": "PROTEIN_FASTA"
    },
    {
      "filePath": "GCF_001505415.1/cds_from_genomic.fna",
      "fileType": "CDS_NUCLEOTIDE_FASTA"
    }
  ]
},{
  "accession": "GCF_001661775.1",
  "files": [
    {
      "filePath": "GCF_001661775.1/GCF_001661775.1_ViralProj325258_genomic.fna",
      "fileType": "GENOMIC_NUCLEOTIDE_FASTA"
    },
    {
      "filePath": "GCF_001661775.1/protein.faa",
      "fileType": "PROTEIN_FASTA"
    },
    {
      "filePath": "GCF_001661775.1/cds_from_genomic.fna",
      "fileType": "CDS_NUCLEOTIDE_FASTA"
    }
  ]
},{
  "accession": "GCF_001904885.1",
  "files": [
    {
      "filePath": "GCF_001904885.1/GCF_001904885.1_ViralProj357487_genomic.fna",
      "fileType": "GENOMIC_NUCLEOTIDE_FASTA"
    },
    {
      "filePath": "GCF_001904885.1/protein.faa",
      "fileType": "PROTEIN_FASTA"
    },
    {
      "filePath": "GCF_001904885.1/cds_from_genomic.fna",
      "fileType": "CDS_NUCLEOTIDE_FASTA"
    }
  ]
},{
  "accession": "GCF_001962315.1",
  "files": [
    {
      "filePath": "GCF_001962315.1/GCF_001962315.1_ViralProj361952_genomic.fna",
      "fileType": "GENOMIC_NUCLEOTIDE_FASTA"
    },
    {
      "filePath": "GCF_001962315.1/protein.faa",
      "fileType": "PROTEIN_FASTA"
    },
    {
      "filePath": "GCF_001962315.1/cds_from_genomic.fna",
      "fileType": "CDS_NUCLEOTIDE_FASTA"
    }
  ]
},{
  "accession": "GCF_002194405.1",
  "files": [
    {
      "filePath": "GCF_002194405.1/GCF_002194405.1_ViralProj390412_genomic.fna",
      "fileType": "GENOMIC_NUCLEOTIDE_FASTA"
    },
    {
      "filePath": "GCF_002194405.1/protein.faa",
      "fileType": "PROTEIN_FASTA"
    },
    {
      "filePath": "GCF_002194405.1/cds_from_genomic.fna",
      "fileType": "CDS_NUCLEOTIDE_FASTA"
    }
  ]
},{
  "accession": "GCF_002219865.1",
  "files": [
    {
      "filePath": "GCF_002219865.1/GCF_002219865.1_ViralProj394320_genomic.fna",
      "fileType": "GENOMIC_NUCLEOTIDE_FASTA"
    },
    {
      "filePath": "GCF_002219865.1/protein.faa",
      "fileType": "PROTEIN_FASTA"
    },
    {
      "filePath": "GCF_002219865.1/cds_from_genomic.fna",
      "fileType": "CDS_NUCLEOTIDE_FASTA"
    }
  ]
},{
  "accession": "GCF_002985995.1",
  "files": [
    {
      "filePath": "GCF_002985995.1/GCF_002985995.1_ASM298599v1_genomic.fna",
      "fileType": "GENOMIC_NUCLEOTIDE_FASTA"
    },
    {
      "filePath": "GCF_002985995.1/protein.faa",
      "fileType": "PROTEIN_FASTA"
    },
    {
      "filePath": "GCF_002985995.1/cds_from_genomic.fna",
      "fileType": "CDS_NUCLEOTIDE_FASTA"
    }
  ]
},{
  "accession": "GCF_003972065.1",
  "files": [
    {
      "filePath": "GCF_003972065.1/GCF_003972065.1_ASM397206v1_genomic.fna",
      "fileType": "GENOMIC_NUCLEOTIDE_FASTA"
    },
    {
      "filePath": "GCF_003972065.1/protein.faa",
      "fileType": "PROTEIN_FASTA"
    },
    {
      "filePath": "GCF_003972065.1/cds_from_genomic.fna",
      "fileType": "CDS_NUCLEOTIDE_FASTA"
    }
  ]
},{
  "accession": "GCF_012271635.1",
  "files": [
    {
      "filePath": "GCF_012271635.1/GCF_012271635.1_ASM1227163v1_genomic.fna",
      "fileType": "GENOMIC_NUCLEOTIDE_FASTA"
    },
    {
      "filePath": "GCF_012271635.1/protein.faa",
      "fileType": "PROTEIN_FASTA"
    },
    {
      "filePath": "GCF_012271635.1/cds_from_genomic.fna",
      "fileType": "CDS_NUCLEOTIDE_FASTA"
    }
  ]
},{
  "accession": "GCF_012271735.1",
  "files": [
    {
      "filePath": "GCF_012271735.1/GCF_012271735.1_ASM1227173v1_genomic.fna",
      "fileType": "GENOMIC_NUCLEOTIDE_FASTA"
    },
    {
      "filePath": "GCF_012271735.1/protein.faa",
      "fileType": "PROTEIN_FASTA"
    },
    {
      "filePath": "GCF_012271735.1/cds_from_genomic.fna",
      "fileType": "CDS_NUCLEOTIDE_FASTA"
    }
  ]
}]}
